,Mean,Median,Mode
diagnosis,0.37258347978910367,0.0,0.0
radius_mean,14.127291739894552,13.37,12.34
texture_mean,19.289648506151142,18.84,14.93
perimeter_mean,91.96903339191564,86.24,82.61
area_mean,654.8891036906855,551.1,512.2
smoothness_mean,0.0963602811950791,0.09587,0.1007
compactness_mean,0.10434098418277679,0.09263,0.1147
concavity_mean,0.0887993158172232,0.06154,0.0
concave points_mean,0.04891914586994728,0.0335,0.0
symmetry_mean,0.18116186291739894,0.1792,0.1601
